traj_id,url,smoothness,path_length,max_acc,r_wrist_roll_link_length,r_wrist_roll_link_smoothness,r_wrist_roll_link_max_curvature,r_wrist_roll_link_h_traj_line,r_wrist_roll_link_h_line_traj,r_wrist_roll_link_H_traj_line,r_wrist_roll_link_imh_traj_line,r_wrist_roll_link_DTW,r_wrist_roll_link_lin_acc,r_elbow_flex_link_length,r_elbow_flex_link_smoothness,r_elbow_flex_link_max_curvature,r_elbow_flex_link_h_traj_line,r_elbow_flex_link_h_line_traj,r_elbow_flex_link_H_traj_line,r_elbow_flex_link_imh_traj_line,r_elbow_flex_link_DTW,r_elbow_flex_link_lin_acc,maxmin_joint_limit_distance
2014_Sep_17_18_38_40,http://www.youtube.com/watch?v=ywg2lbEDRdk,0.621492,19.6869,0.70468,2.00388,0.724533,1.20523,1.40343,0.971657,1.40343,0.88176,0.683324,2.15043,1.22806,0.514756,0.610636,1.30526,1.05363,1.30526,0.909488,0.713803,1.28644,0.499765
2014_Sep_17_18_38_41,http://www.youtube.com/watch?v=kNImX34xGlM,0.819735,4.28962,0.215003,0.751975,0.873202,0.603769,1.04778,1.18265,1.18265,0.850652,0.839667,2.58341,0.443853,0.178167,0.659107,1.09385,1.13127,1.13127,0.881453,0.791347,0.644125,0.422552
2014_Sep_17_18_38_42,http://www.youtube.com/watch?v=yo47Wg-43iA,0.991425,5.76591,0.331712,0.703859,0.514848,0.669503,1.04771,1.18265,1.18265,0.826486,0.801093,1.34299,0.469796,0.123295,0.619168,1.09364,1.13127,1.13127,0.897826,0.799005,0.742935,0.496883
2014_Sep_17_18_38_43,http://www.youtube.com/watch?v=zba9snrwivQ,0.662493,15.5075,1.09337,0.659613,1.06823,1.57252,0.454476,0.45013,0.454476,0.266279,0.76907,2.31356,0.683201,1.50676,0.607345,0.460206,0.742835,0.742835,0.341108,0.742637,0.663667,0.499813
2014_Sep_17_18_38_44,http://www.youtube.com/watch?v=fvNdPGMSAkc,0.753948,19.6176,1.63204,1.4741,0.938473,1.61752,1.06753,0.972213,1.06753,0.827357,0.768387,2.67925,1.13806,1.01111,0.658446,1.17654,1.28877,1.28877,1.06588,0.882462,0.665076,0.498738
2014_Sep_17_18_38_45,http://www.youtube.com/watch?v=XHKtT-_IKXM,0.799054,7.31504,0.209073,1.20215,0.981999,0.687528,1.04028,0.93799,1.04028,0.688266,0.651155,5.48697,0.560139,0.702701,0.475642,1.14263,1.21613,1.21613,0.941231,0.76319,0.475374,0.489426
2014_Sep_17_18_38_46,http://www.youtube.com/watch?v=Q9KFer6XUZ8,0.868955,5.17625,0.142181,0.833124,0.938563,0.708414,1.04027,1.07085,1.07085,0.769687,0.696909,2.49477,0.334805,0.350784,0.518541,1.14224,1.35172,1.35172,0.996297,0.787608,0.451246,0.349268
2014_Sep_17_18_38_47,http://www.youtube.com/watch?v=EpgrjVE9q68,0.133568,17.702,1.15331,1.21601,0.52582,2.33458,0.792913,0.769793,0.792913,0.484524,0.66675,2.27798,0.971268,0.198881,0.55946,0.952465,0.980059,0.980059,0.702058,0.813865,0.745712,0.478789
2014_Sep_17_18_38_48,http://www.youtube.com/watch?v=gq8lbrHBlk0,0.577375,11.7789,0.368218,0.880944,0.613948,0.478933,0.582438,0.839641,0.839641,0.401248,0.600242,1.2206,0.57296,0.236475,0.614657,0.768259,0.980059,0.980059,0.617548,0.761296,0.477122,0.478789
2014_Sep_17_18_38_49,http://www.youtube.com/watch?v=YIGkNbJBNoc,0.868984,21.21,0.807772,1.70301,1.1477,1.23892,17.516,16.9197,17.516,17.0404,0.967417,5.39322,1.28065,1.24652,0.553645,17.3494,17.107,17.3494,17.1609,0.983141,1.3772,0.497701
2014_Sep_17_18_38_50,http://www.youtube.com/watch?v=Y4F6Z7XDcvg,0.553005,15.9597,0.655618,1.5126,0.586903,7.01666,17.4261,16.8089,17.4261,16.9736,0.965499,0.837399,1.44922,0.932461,0.606505,17.3697,16.9995,17.3697,17.1321,0.976824,0.872018,0.495719
2014_Sep_17_18_38_51,http://www.youtube.com/watch?v=gMcOJlcKbwE,0.34623,15.4529,0.144723,1.97725,0.674877,4.2514,2.96287,2.39907,2.96287,2.63442,0.870159,2.03827,1.25704,0.469052,0.628432,2.82225,2.58034,2.82225,2.68428,0.929052,0.433523,0.450393
2014_Sep_17_18_38_52,http://www.youtube.com/watch?v=DqTFbKSMj4k,0.372158,20.365,1.59572,1.76312,0.72959,3.1218,2.90263,2.36768,2.90263,2.56202,0.856852,3.32968,1.39339,0.920247,0.550997,2.79937,2.51711,2.79937,2.61494,0.932691,1.08313,0.498492
2014_Sep_17_18_38_53,http://www.youtube.com/watch?v=rsgVi1h-REU,0.486651,17.508,0.156794,2.35899,0.70623,1.59949,2.87949,2.20446,2.87949,2.39608,0.807861,2.47566,1.47045,0.743429,0.554635,2.79179,2.51788,2.79179,2.53551,0.905518,0.431582,0.482823
2014_Sep_17_18_38_54,http://www.youtube.com/watch?v=dA60SM3BTp4,0.277012,16.305,0.212866,1.75729,0.70331,0.588116,2.88802,2.22701,2.88802,2.51661,0.843176,1.52168,1.05518,0.370924,0.578062,2.76173,2.51756,2.76173,2.59104,0.925277,0.45416,0.498388
2014_Sep_17_18_38_55,http://www.youtube.com/watch?v=7lNf-qvsGb8,6.21725e-16,1.93872,0.139692,0.263972,0.00537498,0.930094,0.869068,1.02961,1.02961,0.791847,0.849903,0.926825,0.168751,0.00529786,0.602388,1.16047,1.31582,1.31582,1.09222,0.863886,0.385478,0.489462
2014_Sep_17_18_38_56,http://www.youtube.com/watch?v=_42KB11RYDM,2.66454e-16,1.91933,0.218078,0.263784,0.00536491,0.928971,0.868798,1.02961,1.02961,0.791715,0.849803,1.44223,0.16847,0.00527521,0.601767,1.16013,1.31582,1.31582,1.09205,0.863773,0.596783,0.490775
2014_Sep_17_18_38_57,http://www.youtube.com/watch?v=TVv9ObLSVno,6.21725e-16,1.90992,0.22885,0.264383,0.00539344,0.908365,1.42516,1.45926,1.45926,1.29597,0.918742,1.52692,0.169815,0.00536592,0.583624,1.55222,1.67025,1.67025,1.46984,0.883237,0.638643,0.487842
2014_Sep_17_18_38_58,http://www.youtube.com/watch?v=N1DBCn3mTjg,0.0963375,12.6991,1.05958,1.79538,0.218101,0.922328,2.41683,2.29408,2.41683,2.26488,1.05033,5.85534,0.768512,0.121527,0.62513,2.23173,2.49484,2.49484,2.14504,0.973771,1.09527,0.496748
2014_Sep_17_18_38_59,http://www.youtube.com/watch?v=20JLLLNDK6A,0.158759,11.3097,0.240608,1.25092,0.42687,0.943649,2.34232,2.29408,2.34232,2.10313,0.979099,2.10392,0.604894,0.416308,0.583955,2.14011,2.49484,2.49484,2.06536,0.909271,0.298215,0.462495
2014_Sep_17_18_39_00,http://www.youtube.com/watch?v=rcvm-UERshg,0.237971,11.7675,0.542159,1.2454,0.207793,0.836307,2.33132,2.29408,2.33132,2.11783,1.00438,1.90309,0.684147,0.23886,0.602444,2.18146,2.49484,2.49484,2.07338,0.932249,0.595669,0.498244
2014_Sep_17_18_39_01,http://www.youtube.com/watch?v=z8KFm1jQ5Dw,0.0449361,13.6716,0.54497,1.42799,0.0703903,0.816538,2.43322,2.63668,2.63668,2.28781,0.808225,4.90714,0.765345,0.0391674,0.56741,2.16398,2.55979,2.55979,2.07929,0.818839,0.812652,0.476836
2014_Sep_17_18_39_03,http://www.youtube.com/watch?v=egAkSBskKAE,0.221026,8.3021,0.0900149,1.6137,0.359144,0.872948,2.48995,2.63658,2.63658,2.30873,0.775589,1.15448,0.982161,0.390453,0.582614,2.23553,2.55826,2.55826,2.1086,0.783238,0.443747,0.455957
2014_Sep_17_18_39_04,http://www.youtube.com/watch?v=kqE4EnBNM1Q,0.224197,8.88797,0.0509205,2.31327,0.561044,0.887167,1.2966,1.33496,1.33496,0.844957,0.497859,2.20094,1.4125,0.594766,0.593402,1.24554,1.61844,1.61844,1.0209,0.61424,0.705607,0.456567
2014_Sep_17_18_39_05,http://www.youtube.com/watch?v=mQAW6rUUXsQ,0.931972,15.4969,0.811576,2.20359,0.949561,0.876414,1.52414,1.19884,1.52414,1.0251,0.634251,4.65069,0.96958,0.922966,0.627066,1.27276,1.44874,1.44874,1.04813,0.738382,1.05242,0.494573
2014_Sep_17_18_39_06,http://www.youtube.com/watch?v=IOSQruTWLjY,0.633602,9.84071,0.661725,1.84836,0.986157,0.851742,2.31371,2.19984,2.31371,2.12884,1.00895,2.25272,1.05449,0.976005,0.597796,2.21561,2.39046,2.39046,2.10749,0.969255,0.732242,0.462495
2014_Sep_17_18_39_07,http://www.youtube.com/watch?v=-2waSFH0axQ,0.6111,10.9177,0.227104,1.62289,0.937929,0.868722,2.35653,2.19984,2.35653,2.1838,1.01256,0.691222,1.26645,1.04041,0.607801,2.29976,2.39046,2.39046,2.161,0.991067,0.542814,0.462495
2014_Sep_17_18_39_08,http://www.youtube.com/watch?v=vDOTCcEdjJg,0.114984,11.3644,1.62156,0.838894,0.276395,0.797373,2.60691,2.69929,2.69929,2.49679,0.909308,1.53406,0.496354,0.58922,0.488381,2.38573,2.5729,2.5729,2.32148,0.92155,0.527438,0.419343
2014_Sep_17_18_39_09,http://www.youtube.com/watch?v=TvDwbB-NIiA,0.617191,8.06418,0.426311,1.10991,0.632276,0.827129,2.67462,2.69935,2.69935,2.56872,0.900592,3.23263,0.559101,0.420058,0.624335,2.46333,2.57293,2.57293,2.37874,0.902942,0.625268,0.419343
2014_Sep_17_18_39_10,http://www.youtube.com/watch?v=GcafoheCmyg,0.530222,6.98724,0.0867305,1.56465,0.884621,0.972113,2.83592,2.69972,2.83592,2.67803,0.891696,3.1218,0.863376,0.798571,0.602266,2.53045,2.57305,2.57305,2.43707,0.903975,0.697563,0.419343
2014_Sep_17_18_39_11,http://www.youtube.com/watch?v=vd4PTPjkq9g,0.171033,12.8218,0.382592,2.02251,0.311707,1.23564,2.37048,2.23869,2.37048,2.21238,0.848331,2.50043,1.0593,0.775609,0.611107,2.28268,2.29953,2.29953,2.1323,0.845278,0.691527,0.496342
2014_Sep_17_18_39_12,http://www.youtube.com/watch?v=XywZg1ijpDU,0.567861,6.24886,0.174933,1.16831,1.12676,0.807853,2.25374,2.23932,2.25374,2.132,0.839723,2.85052,0.472158,0.877372,0.49718,2.08176,2.29966,2.29966,2.0038,0.843017,0.572876,0.497148
2014_Sep_17_18_39_13,http://www.youtube.com/watch?v=H_efc6vJVM8,0.583563,7.51716,0.167725,1.10858,0.804885,0.682366,2.23734,2.23852,2.23852,2.02983,0.803219,3.08917,0.443033,0.962074,0.564577,2.10299,2.29953,2.29953,2.01234,0.836687,0.78753,0.497544
2014_Sep_17_18_39_14,http://www.youtube.com/watch?v=PaJVc0fO8f4,0.797893,11.4466,0.33167,0.969029,1.43824,0.68273,2.62466,2.64524,2.64524,2.5447,0.913862,2.33756,0.828852,0.940365,0.620227,2.54649,2.50209,2.54649,2.46075,0.916421,0.77461,0.499343
2014_Sep_17_18_39_15,http://www.youtube.com/watch?v=3dBNLQKlyUk,0.449842,7.99077,0.441755,0.936984,0.450604,1.02616,2.76287,2.64595,2.76287,2.67589,0.908989,1.92346,0.550578,0.315825,0.62524,2.53052,2.50249,2.53052,2.46932,0.916413,0.624855,0.49926
2014_Sep_17_18_39_16,http://www.youtube.com/watch?v=fVFsv7uBux4,0.533005,10.0591,0.282703,1.04699,0.702019,0.617735,2.67106,2.64506,2.67106,2.6184,0.92164,1.64894,0.582924,0.658095,0.618357,2.52734,2.50211,2.52734,2.43259,0.907111,0.455377,0.419343
2014_Sep_17_18_39_17,http://www.youtube.com/watch?v=-ZxivkfFkYA,0.577336,37.3132,0.930859,3.85383,0.704741,1.06354,2.7237,1.8304,2.7237,2.06607,0.811177,3.1576,2.01573,0.602941,0.613439,2.442,2.13236,2.442,2.07402,0.888373,0.844526,0.497331
2014_Sep_17_18_39_18,http://www.youtube.com/watch?v=vp9QSAX0Q9w,0.382935,11.8108,0.505782,1.07134,0.687557,0.791688,2.47675,2.42115,2.47675,2.30836,0.976453,3.45789,0.467473,0.884273,0.515719,2.28733,2.49148,2.49148,2.22851,0.934206,0.668698,0.499536
2014_Sep_17_18_39_19,http://www.youtube.com/watch?v=Am201u4Ru5c,0.525043,8.4549,0.162083,0.931601,0.967319,1.09406,2.55002,2.4216,2.55002,2.3948,0.979169,0.821433,0.614474,1.0302,0.617143,2.39241,2.49256,2.49256,2.30966,0.96278,0.325991,0.497414
2014_Sep_17_18_39_20,http://www.youtube.com/watch?v=xnnGiKtl4us,0.0941964,11.161,0.929691,0.682947,0.229047,0.828563,2.21947,2.22195,2.22195,2.02612,1.01781,3.46269,0.436598,0.24033,0.453823,2.13822,2.39494,2.39494,2.05743,0.948771,0.770026,0.477031
2014_Sep_17_18_39_21,http://www.youtube.com/watch?v=xPH5ut3lPYs,0.576875,8.38087,0.10601,1.39809,0.985388,0.805411,2.34049,2.22195,2.34049,2.13987,0.996164,2.39825,0.494802,1.06554,0.604541,2.17467,2.39494,2.39494,2.08019,0.941349,0.255632,0.462495
2014_Sep_17_18_39_22,http://www.youtube.com/watch?v=9sIZEtelkA4,0.639102,6.11531,0.2602,0.730588,0.566778,0.869431,2.21371,2.22195,2.22195,2.02761,0.995564,1.45436,0.416031,1.22637,0.581496,2.13881,2.39494,2.39494,2.05641,0.925275,0.600764,0.462495
2014_Sep_17_18_39_23,http://www.youtube.com/watch?v=uoyDa8pqSxU,0.192736,12.3546,0.890923,1.24381,0.349596,0.708127,2.36787,2.41876,2.41876,2.25629,0.868077,2.87633,0.71536,0.567515,0.884811,2.19309,2.39011,2.39011,2.13931,0.885475,0.851423,0.489555
2014_Sep_17_18_39_24,http://www.youtube.com/watch?v=7zk8K4YgZto,0.513671,9.91623,0.142698,1.8166,0.853433,0.792006,2.56563,2.4185,2.56563,2.34879,0.831675,1.74049,0.877942,1.05294,0.522965,2.24865,2.39011,2.39011,2.15713,0.862524,0.340182,0.494782
2014_Sep_17_18_39_25,http://www.youtube.com/watch?v=xvz9LplSZ9w,0.263912,11.6499,0.438146,1.01932,0.670547,0.712819,2.42423,2.41957,2.42423,2.28179,0.854471,1.72666,0.432155,0.915746,0.52716,2.19429,2.39053,2.39053,2.14486,0.881315,0.320691,0.498456
2014_Sep_17_18_39_26,http://www.youtube.com/watch?v=Cxqyop66foo,0.348874,9.01798,0.408857,1.44321,0.36776,0.829434,2.54767,2.45276,2.54767,2.40812,0.946616,3.32703,0.91059,0.390294,0.617521,2.42035,2.38657,2.42035,2.29459,0.943598,0.818963,0.495764
2014_Sep_17_18_39_27,http://www.youtube.com/watch?v=GkhKIkFQZfE,0.732667,4.53217,0.276247,0.643483,0.454362,0.77278,2.38033,2.45653,2.45653,2.21971,0.900798,2.28211,0.374531,0.452338,0.580807,2.21459,2.38863,2.38863,2.155,0.902222,0.698991,0.491302
2014_Sep_17_18_39_28,http://www.youtube.com/watch?v=robHwWU6zXA,0.625374,6.77268,0.179011,0.700373,0.611296,0.73633,2.38093,2.45653,2.45653,2.20364,0.903741,2.00879,0.287101,0.00857251,0.664444,2.21282,2.38863,2.38863,2.13569,0.904893,0.370956,0.497124
2014_Sep_17_18_39_29,http://www.youtube.com/watch?v=t7IBHY1VHyA,0.526009,8.9606,0.309711,0.481644,0.281682,3.15648,1.83556,1.84731,1.84731,1.68929,0.969551,1.69516,0.459333,0.273204,0.582772,1.89519,1.93105,1.93105,1.80398,0.983066,0.842909,0.499294
2014_Sep_17_18_39_30,http://www.youtube.com/watch?v=G59jaDqGKqc,0.430116,12.7107,0.499883,1.45911,0.306318,1.50061,0.614878,0.184945,0.614878,0.291089,0.478235,5.30173,1.07612,0.511879,0.550873,0.713665,0.416771,0.713665,0.48539,0.62781,0.600676,0.489705
2014_Sep_17_18_39_31,http://www.youtube.com/watch?v=Nw4veSupc2Y,0.923548,6.01704,0.15721,0.88642,0.820306,0.513984,0.33182,0.201814,0.33182,0.186614,0.32003,1.49572,0.247099,0.33134,0.586845,0.340274,0.416277,0.416277,0.280862,0.552245,0.0883728,0.489705
2014_Sep_17_18_39_32,http://www.youtube.com/watch?v=g6jWC0lhiPk,0.881988,6.78571,0.169007,0.867823,0.732943,0.597645,0.33153,0.191353,0.33153,0.180625,0.31835,1.18347,0.302354,0.828701,0.577603,0.379241,0.416181,0.416181,0.303536,0.593978,0.117145,0.489705
2014_Sep_17_18_39_33,http://www.youtube.com/watch?v=uYhftRE_J3Y,0.258367,6.23436,0.271641,0.69021,0.511072,1.0243,0.254935,0.192152,0.254935,0.159278,0.350462,1.92036,0.545267,0.247565,0.583082,0.306921,0.393108,0.393108,0.2045,0.459237,1.36117,0.495142
2014_Sep_17_18_39_34,http://www.youtube.com/watch?v=KWuqd-rmaQY,0.855274,6.84774,0.115057,0.765957,0.772919,0.53987,0.288127,0.192152,0.288127,0.192007,0.410456,1.02787,0.518873,1.11308,0.707958,0.306396,0.350139,0.350139,0.114271,0.260744,0.348866,0.490947
2014_Sep_17_18_39_35,http://www.youtube.com/watch?v=03d1IeU5epQ,0.911345,5.79719,0.177602,0.642128,0.421024,0.614423,0.264659,0.192152,0.264659,0.155533,0.332743,3.01024,0.579109,1.55982,0.658779,0.306384,0.336463,0.336463,0.132757,0.24887,0.987897,0.498357
2014_Sep_17_18_39_36,http://www.youtube.com/watch?v=VWQGbZfcVUU,0.284432,7.84873,0.519506,0.736084,0.193123,0.833202,0.243742,0.302937,0.302937,0.181991,0.440915,3.88618,0.442767,0.3294,0.597597,0.403447,0.431594,0.431594,0.308796,0.619787,0.914895,0.496574
2014_Sep_17_18_39_37,http://www.youtube.com/watch?v=OcOhThF_Vsg,0.641034,6.97842,0.432516,0.939476,0.770182,0.82248,0.343499,0.302712,0.343499,0.20173,0.480179,2.01538,0.657552,0.956417,0.615178,0.517818,0.441487,0.517818,0.378482,0.694683,0.590994,0.472906
2014_Sep_17_18_39_38,http://www.youtube.com/watch?v=SXiOO3wQsrs,0.61301,9.4179,0.268178,1.65977,0.830868,0.860108,0.593992,0.299779,0.593992,0.366727,0.589619,1.62312,0.932385,0.97265,0.621487,0.624469,0.453588,0.624469,0.387097,0.658918,0.692835,0.483598
2014_Sep_17_18_39_39,http://www.youtube.com/watch?v=yzfdSrGLBKE,0.185414,8.12276,0.774837,0.888835,0.0805389,1.31179,0.345724,0.358783,0.358783,0.220767,0.264442,4.065,0.566049,0.0386221,0.992655,0.301901,0.400436,0.400436,0.182389,0.293955,1.7106,0.4952
2014_Sep_17_18_39_40,http://www.youtube.com/watch?v=AEwDz3W5PgE,0.9596,6.21831,0.0756274,1.32647,0.562051,0.799034,0.570358,0.439705,0.570358,0.362336,0.419992,0.929495,0.962815,0.687622,0.601455,0.502794,0.478395,0.502794,0.331509,0.438703,0.492919,0.491621
2014_Sep_17_18_39_41,http://www.youtube.com/watch?v=-MjKbUecZiU,0.687981,5.15197,0.150029,0.927028,0.254353,0.826718,0.377269,0.402045,0.402045,0.26401,0.322016,2.36864,0.57117,0.029057,0.559568,0.300635,0.411444,0.411444,0.18836,0.266635,0.90025,0.490542
2014_Sep_17_18_39_42,http://www.youtube.com/watch?v=Mc8jQ-LMIBY,0.480916,30.9997,1.21994,3.43838,0.699148,0.879198,0.881775,0.192152,0.881775,0.376642,0.430281,3.27696,2.28164,0.590374,0.576814,0.83265,0.34609,0.83265,0.511945,0.588812,1.40568,0.492975
2014_Sep_17_18_39_43,http://www.youtube.com/watch?v=lbUG13Qiy3I,0.72951,8.24876,0.177419,1.14572,0.706112,0.948759,0.414257,0.192152,0.414257,0.2736,0.51374,2.0571,0.860847,0.836879,0.621559,0.58941,0.444466,0.58941,0.497941,0.727285,0.887564,0.499074
2014_Sep_17_18_39_44,http://www.youtube.com/watch?v=dQ2oBy9t0lE,0.978015,5.8687,0.076955,1.13511,1.23411,0.720489,0.542786,0.192152,0.542786,0.281389,0.464157,2.2543,0.442989,1.18157,0.612986,0.53891,0.445088,0.53891,0.432454,0.682474,0.159581,0.479323
2014_Sep_17_18_39_45,http://www.youtube.com/watch?v=XJQlDSNafWk,0.114336,11.4872,0.952798,0.941708,0.487429,3.41643,0.53753,0.499999,0.53753,0.383132,0.555455,2.3508,0.306659,0.0421611,0.620585,0.562118,0.69986,0.69986,0.472234,0.639861,0.833267,0.494965
2014_Sep_17_18_39_46,http://www.youtube.com/watch?v=eF_66Ed5frQ,0.189455,7.0012,0.392853,1.08845,0.728959,0.77393,0.623003,0.5038,0.623003,0.469799,0.5603,1.66157,0.466715,1.29814,0.597746,0.651233,0.707603,0.707603,0.585808,0.704017,0.444412,0.492101
2014_Sep_17_18_39_47,http://www.youtube.com/watch?v=HYs2JUosG28,0.203514,6.80159,0.104756,0.910135,0.667506,0.689625,0.589862,0.5038,0.589862,0.428265,0.553256,1.85796,0.738167,0.944341,0.598373,0.793812,0.707338,0.793812,0.635794,0.678666,0.521966,0.49589
2014_Sep_17_18_39_48,http://www.youtube.com/watch?v=KnPJ8aCmJBE,0.0945548,16.5487,0.997109,1.17981,0.0481486,0.934048,0.534437,0.467719,0.534437,0.329263,0.617495,1.27355,1.12473,0.154308,0.621697,0.796384,0.550169,0.796384,0.278951,0.364216,1.53441,0.499772
2014_Sep_17_18_39_49,http://www.youtube.com/watch?v=FfC5DWO5Kf8,0.90513,12.3643,0.698738,1.46908,1.49682,0.620158,0.558053,0.431086,0.558053,0.377688,0.607421,4.472,0.524235,1.9278,0.722596,0.55082,0.725332,0.725332,0.383888,0.748733,0.71314,0.346661
2014_Sep_17_18_39_50,http://www.youtube.com/watch?v=dUUA_WMLNBo,0.3287,15.8242,0.236565,2.14798,1.02778,0.935969,0.904561,0.442726,0.904561,0.553129,0.637705,2.10553,1.16054,0.43657,0.623656,0.818893,0.744418,0.818893,0.547008,0.76597,0.583391,0.499153
2014_Sep_17_18_39_51,http://www.youtube.com/watch?v=f2rlDPGo5D8,0.877167,14.9448,0.576868,2.07791,1.05701,0.940677,52.7338,52.1718,52.7338,52.3731,0.98362,3.63821,1.20576,1.17885,6.37712,52.4285,51.9726,52.4285,52.1415,0.985002,1.33701,0.499492
2014_Sep_17_18_39_52,http://www.youtube.com/watch?v=aPR5Qh956j4,0.595125,27.9053,1.26274,1.98449,0.665497,1.26309,52.0282,51.9944,52.0282,51.8437,0.98505,2.49288,1.15288,0.515694,0.687488,51.837,51.9131,51.9131,51.7082,0.986259,0.722878,0.493561
2014_Sep_17_18_39_53,http://www.youtube.com/watch?v=5n8t3wThAbg,0.771537,20.0204,2.38472,1.59698,0.727087,1.13196,12.9317,12.9634,12.9634,12.6783,0.97192,2.13299,0.952108,1.07744,0.690215,12.9314,13.1211,13.1211,12.8377,0.977009,1.50914,0.498532
2014_Sep_17_18_39_54,http://www.youtube.com/watch?v=BFzhrEmlF4s,0.321867,6.18705,0.284946,0.929582,0.751873,0.820172,12.9525,13.0105,13.0105,12.815,0.962047,3.0853,0.488782,0.363395,0.594125,12.8939,13.1205,13.1205,12.8552,0.957706,0.591125,0.487513
2014_Sep_17_18_39_55,http://www.youtube.com/watch?v=dSs5cEMCWZs,0.0640625,12.1179,0.761029,0.920049,0.460922,0.751558,12.9168,13.0103,13.0103,12.7925,0.979314,1.50484,0.688678,0.783156,0.612259,12.9238,13.1211,13.1211,12.8817,0.978929,0.43825,0.499865
2014_Sep_17_18_39_56,http://www.youtube.com/watch?v=9ogGYrtMQZU,0.301247,13.3361,0.38709,1.2348,0.758378,1.38996,12.8139,12.4591,12.8139,12.4091,0.946078,1.19388,0.915417,1.59329,0.623439,12.9658,12.6173,12.9658,12.5676,0.947965,0.586317,0.476366
2014_Sep_17_18_39_57,http://www.youtube.com/watch?v=52u9f6unLoE,0.576838,12.6966,0.551973,1.00301,0.178442,0.611708,12.3562,12.2312,12.3562,12.2806,0.971842,2.39762,0.284453,0.390461,0.63103,12.4723,12.5408,12.5408,12.4438,0.976644,0.233594,0.491965
2014_Sep_17_18_39_58,http://www.youtube.com/watch?v=xjNjQ9iKxfQ,0.478173,13.473,0.273574,1.68285,0.486975,0.561587,12.4097,12.2156,12.4097,12.2676,0.971368,1.3486,0.500679,0.569934,0.519693,12.4841,12.4983,12.4983,12.376,0.971961,0.450444,0.493166
2014_Sep_17_18_39_59,http://www.youtube.com/watch?v=rmkzeOV5xaM,0.681475,10.8796,0.23853,1.09833,0.539701,0.473696,12.3365,12.2272,12.3365,12.1937,0.960742,2.47209,0.30148,1.14479,0.58867,12.4417,12.5405,12.5405,12.3539,0.965388,0.104796,0.496324
2014_Sep_17_18_40_00,http://www.youtube.com/watch?v=F8CXqJDJl5E,0.212444,10.3877,1.10126,0.749803,0.274119,0.51042,12.7432,12.6941,12.7432,12.6605,0.97082,1.45667,0.262256,0.152031,0.63724,13.0568,12.9586,13.0568,12.9101,0.966107,0.684761,0.498207
2014_Sep_17_18_40_01,http://www.youtube.com/watch?v=Zes_FPJUV0A,0.476862,9.02272,0.533867,0.55408,0.525663,0.680044,12.7423,12.6796,12.7423,12.6285,0.964835,0.775786,0.269375,0.410567,0.643874,13.0559,12.9616,13.0559,12.9201,0.963437,0.298371,0.496888
2014_Sep_17_18_40_02,http://www.youtube.com/watch?v=z1FlhVb01QM,0.439656,7.577,0.149065,0.971305,0.954008,1.03262,12.7437,12.5383,12.7437,12.5408,0.952442,2.37732,0.629054,1.16862,0.620402,13.0572,12.7913,13.0572,12.8359,0.95151,0.389281,0.466674
2014_Sep_17_18_40_03,http://www.youtube.com/watch?v=7E1Yg0Cpx1Y,0.221077,13.0224,0.481221,0.853908,0.363351,0.649675,13.3781,13.14,13.3781,13.1988,0.970874,2.14256,0.532372,0.15145,0.504897,13.4171,13.4102,13.4171,13.3072,0.976005,0.412763,0.461749
2014_Sep_17_18_40_04,http://www.youtube.com/watch?v=AGarIc4jy5Y,0.422819,7.44047,0.316424,0.806001,1.00069,1.24298,13.2574,13.14,13.2574,13.0894,0.956981,0.830976,0.287351,0.123307,0.617027,13.4175,13.4102,13.4175,13.3021,0.960847,0.159369,0.350836
2014_Sep_17_18_40_05,http://www.youtube.com/watch?v=R-9TEdK_fxU,0.410568,6.28043,0.535489,0.684567,0.940623,2.97299,13.1915,13.14,13.1915,13.1166,0.958133,1.13286,0.299301,0.271669,0.602093,13.4167,13.4102,13.4167,13.3713,0.960437,0.443558,0.355678
2014_Sep_17_18_40_06,http://www.youtube.com/watch?v=_k3CawUIV40,0.632176,36.8221,0.921825,4.20633,0.780388,0.675677,12.9504,12.567,12.9504,12.5106,0.932766,3.38861,2.37745,0.829656,0.54763,12.8149,12.8867,12.8867,12.6238,0.950368,0.984759,0.499586
2014_Sep_17_18_40_07,http://www.youtube.com/watch?v=JC9pWPX2ovc,0.298511,11.819,0.32349,1.17477,1.12673,1.42197,12.5739,12.5666,12.5739,12.0677,0.911168,0.555368,1.05439,1.32997,0.594853,12.7771,12.8864,12.8864,12.3719,0.91901,0.572006,0.377805
2014_Sep_17_18_40_08,http://www.youtube.com/watch?v=tPAOYXQaF2g,0.240797,9.04947,0.346167,1.44764,0.447536,0.71913,12.5739,12.5551,12.5739,11.9995,0.899309,2.29709,1.10854,0.478333,0.593336,12.7771,12.828,12.828,12.2331,0.900926,0.398274,0.453829
2014_Sep_17_18_40_09,http://www.youtube.com/watch?v=BedTY1Ghn3g,0.640337,58.5775,1.13898,4.72425,0.87626,0.855117,13.2153,12.8245,13.2153,12.4395,0.969721,2.54708,3.09293,0.940011,0.594908,12.9883,12.9928,12.9928,12.5082,0.985573,0.958714,0.499896
2014_Sep_17_18_40_10,http://www.youtube.com/watch?v=T2Wwnqo7EUA,0.313524,12.6429,0.503285,2.03752,0.477481,0.597553,31.5117,31.2581,31.5117,30.9571,0.976344,0.846189,1.63578,0.365598,0.506517,31.545,31.4931,31.545,31.0737,0.978785,0.561944,0.49687
2014_Sep_17_18_40_11,http://www.youtube.com/watch?v=bJCNu9jLXrs,0.422691,14.319,0.7509,1.67678,0.423344,0.65938,0.528434,0.341664,0.528434,0.252383,0.275962,2.18937,1.37719,0.202299,0.580528,0.320974,0.303417,0.320974,0.203436,0.238818,0.780862,0.497901
2014_Sep_17_18_40_12,http://www.youtube.com/watch?v=cCdiuSi-nd4,0.76128,25.9599,0.885861,2.75873,1.0284,2.32012,1625.81,1625.38,1625.81,1625.44,0.989931,3.63444,1.80034,1.131,0.603397,1625.64,1625.46,1625.64,1625.31,0.989962,0.48314,0.491721
2014_Sep_17_18_40_13,http://www.youtube.com/watch?v=iqg-X16vWEg,0.510159,11.9059,0.52068,1.95915,0.703267,0.822637,1625.84,1625.42,1625.84,1625.31,0.978281,1.29958,1.1203,1.14126,0.573464,1625.57,1625.44,1625.57,1625.15,0.978349,0.517821,0.474763
2014_Sep_17_18_40_14,http://www.youtube.com/watch?v=cp9MhJMMNEM,0.403502,9.11349,0.307889,0.909897,0.452987,0.652354,0.532582,0.348633,0.532582,0.367891,0.549434,0.650042,0.78686,0.291344,0.603126,0.267802,0.229852,0.267802,0.184304,0.265459,0.443437,0.388818
2014_Sep_17_18_40_15,http://www.youtube.com/watch?v=wk1hxQcKpp0,0.679079,10.0076,0.974297,0.97916,0.780775,4.25142,0.387348,0.325549,0.387348,0.320814,0.364816,2.24897,0.800585,0.877301,0.629938,0.314708,0.345691,0.345691,0.209414,0.318797,1.03488,0.37419
2014_Sep_17_18_40_16,http://www.youtube.com/watch?v=luwSMu2K41M,0.382098,9.40503,0.595043,0.793573,0.207672,0.813638,0.40822,0.384684,0.40822,0.356971,0.435288,0.855207,0.641755,0.0454951,0.630695,0.314749,0.345073,0.345073,0.231311,0.342822,0.566225,0.365675
2014_Sep_17_18_40_17,http://www.youtube.com/watch?v=bTvwQQ4iAGs,0.165756,12.4414,0.513528,1.09793,0.313555,1.96962,0.585863,0.380235,0.585863,0.439319,0.530881,1.31536,0.666178,0.640673,0.614774,0.314708,0.343152,0.343152,0.252534,0.326616,0.668539,0.495645
2014_Sep_17_18_40_18,http://www.youtube.com/watch?v=3x7TDLkO_BQ,0.577904,28.7376,0.628584,2.10822,0.692569,0.691779,0.580473,0.333463,0.580473,0.458025,0.729725,1.68037,1.25166,0.688559,0.621454,0.351931,0.273579,0.351931,0.246226,0.446703,0.536023,0.497588
2014_Sep_17_18_40_19,http://www.youtube.com/watch?v=RFfHsCnvI08,0.390213,7.77211,0.0906127,1.09288,0.650876,1.31052,0.662847,0.33629,0.662847,0.47888,0.667387,1.00456,0.932409,0.373517,0.583311,0.405469,0.301294,0.405469,0.268733,0.45381,0.487683,0.494392
2014_Sep_17_18_40_20,http://www.youtube.com/watch?v=J9igqZE8sg0,0.14701,9.98614,0.160242,1.1256,0.798904,0.692538,0.649054,0.342169,0.649054,0.476959,0.652382,0.965769,0.892171,0.253005,0.609399,0.375015,0.287704,0.375015,0.269154,0.453638,0.600935,0.497358
2014_Sep_17_18_40_21,http://www.youtube.com/watch?v=8HSj_Y94Ai0,1.20336,28.6343,0.93556,3.00486,1.00876,0.586989,0.728065,0.413048,0.728065,0.411277,0.501742,4.02631,1.61972,1.03795,0.593419,0.504806,0.325734,0.504806,0.273118,0.3747,0.666388,0.499706
2014_Sep_17_18_40_22,http://www.youtube.com/watch?v=iVf57XlPQMk,0.304862,16.3231,0.414168,2.12397,0.505818,0.623322,1.15197,1.01107,1.15197,0.877651,0.856305,1.46171,1.46396,0.455113,0.510222,1.02534,0.826266,1.02534,0.663742,0.78169,0.427732,0.499832
2014_Sep_17_18_40_23,http://www.youtube.com/watch?v=3gVMN3Uiy60,0.352572,16.112,0.438474,1.64383,0.564,1.91029,1865.63,1865.51,1865.63,1865.29,0.984036,4.25232,1.17687,0.23593,0.520983,1865.37,1865.35,1865.37,1865.06,0.984055,0.795423,0.497615
