traj_id,url,clearance,smoothness,path_length,max_acc,maxmin_joint_limit_distance,elbow_length,elbow_smoothness,elbow_max_curvature,elbow_lin_acc,elbow_quat_dist,tool_length,tool_smoothness,tool_max_curvature,tool_lin_acc,tool_quat_dist,wrist_length,wrist_smoothness,wrist_max_curvature,wrist_lin_acc,wrist_quat_dist,h_wrist_bfs,h_bfs_wrist,H_wrist_bfs,imh_wrist_bfs,h_elbow_bfs,h_bfs_elbow,H_elbow_bfs,imh_elbow_bfs,h_tool_bfs,h_bfs_tool,H_tool_bfs,imh_tool_bfs,h_wrist_elbow,h_elbow_wrist,H_wrist_elbow,imh_wrist_elbow,wrist_bfs_dtw,tool_bfs_dtw,elbow_bfs_dtw,wrist_tool_dtw
2014_Sep_17_18_38_40,http://www.youtube.com/watch?v=ywg2lbEDRdk,0.0767461,0.621492,19.6869,1.44371,0.499765,1.22806,0.514756,0.522536,1.28644,4.25955,2.76092,0.886822,1.40877,5.00081,9.66085,2.00388,0.724533,1.20443,6.18302,9.66085,0.660018,0.226201,0.660018,0.279454,0.539573,0.386749,0.539573,0.236978,0.672033,0.326911,0.672033,0.305709,0.321,0.321,0.321,0.278527,23.0565,25.1716,26.3275,13.8448
2014_Sep_17_18_38_41,http://www.youtube.com/watch?v=kNImX34xGlM,0.0660168,0.819735,4.28962,0.681413,0.422552,0.443853,0.178167,0.490182,0.644125,2.06769,0.990336,1.02512,0.796117,9.77172,1.9692,0.751975,0.873202,0.603769,6.81836,1.9692,0.333279,0.217811,0.333279,0.202132,0.34895,0.398024,0.398024,0.191952,0.300328,0.241049,0.300328,0.186138,0.321,0.321,0.321,0.272901,3.41785,3.35246,4.29538,2.86899
2014_Sep_17_18_38_42,http://www.youtube.com/watch?v=yo47Wg-43iA,0.0657998,0.991425,5.76591,1.71165,0.496883,0.469796,0.123295,0.503909,2.30819,1.68813,1.05064,0.895885,0.751547,5.76953,3.13122,0.703859,0.514848,0.582949,4.52164,3.13122,0.307212,0.237504,0.307212,0.20017,0.348521,0.398024,0.398024,0.177093,0.307738,0.239867,0.307738,0.17771,0.321,0.321,0.321,0.266387,4.73012,4.71678,6.64453,3.96
2014_Sep_17_18_38_43,http://www.youtube.com/watch?v=zba9snrwivQ,0.0362367,0.662493,15.5075,1.09337,0.499813,0.683201,1.50676,0.607345,1.19537,2.82842,1.21876,0.63073,0.763181,2.33135,7.11241,0.659613,1.06823,1.57252,2.31356,7.11241,0.156425,0.176872,0.176872,0.102766,0.424149,0.446395,0.446395,0.358372,0.218311,0.185953,0.218311,0.148156,0.321,0.321,0.321,0.288986,8.63306,9.51221,24.8887,10.9732
2014_Sep_17_18_38_44,http://www.youtube.com/watch?v=fvNdPGMSAkc,0.042808,0.753948,19.6176,1.72329,0.498738,1.13806,1.01111,0.658446,1.48765,4.00026,2.33687,1.04464,1.98685,12.4251,9.23207,1.4741,0.938473,1.61752,3.30831,9.23207,0.283927,0.191783,0.283927,0.147407,0.478734,0.438722,0.478734,0.367962,0.35143,0.174693,0.35143,0.152941,0.321,0.321,0.321,0.23548,15.3576,13.3065,32.5317,13.86
2014_Sep_17_18_38_45,http://www.youtube.com/watch?v=XHKtT-_IKXM,0.0626242,0.799054,7.31504,0.903736,0.489426,0.560139,0.702701,0.475642,1.7295,2.96015,1.61962,1.04125,0.845654,26.1167,2.87338,1.20215,0.981999,0.687528,13.1425,2.87338,0.42499,0.191783,0.42499,0.213222,0.402425,0.437426,0.437426,0.308545,0.461366,0.180951,0.461366,0.226412,0.321,0.321,0.321,0.264014,7.32799,6.78449,9.6955,5.04
2014_Sep_17_18_38_46,http://www.youtube.com/watch?v=Q9KFer6XUZ8,0.047476,0.868955,5.17625,0.937611,0.349268,0.334805,0.350784,0.518541,0.51703,2.12967,1.20933,1.22888,0.919661,10.5556,2.588,0.833124,0.938563,0.708414,6.71948,2.588,0.216558,0.191783,0.216558,0.13504,0.402319,0.452155,0.452155,0.35144,0.281076,0.149016,0.281076,0.151743,0.321,0.321,0.321,0.301594,3.74245,3.1295,7.67752,3.6
2014_Sep_17_18_38_47,http://www.youtube.com/watch?v=EpgrjVE9q68,0.087769,0.133568,17.702,2.29251,0.478789,0.971268,0.198881,0.55946,0.745712,3.7031,1.49418,0.381983,33.1432,7.56484,7.61356,1.21601,0.52582,2.33458,2.27798,7.61356,0.425876,0.222428,0.425876,0.239656,0.710535,0.477854,0.710535,0.511795,0.248201,0.213065,0.248201,0.155363,0.321,0.321,0.321,0.222749,20.5357,13.4683,39.6462,10.5034
2014_Sep_17_18_38_48,http://www.youtube.com/watch?v=gq8lbrHBlk0,0.0793921,0.577375,11.7789,1.3767,0.478789,0.57296,0.236475,0.522391,0.868952,3.37234,1.52268,0.691059,0.570688,3.52622,5.5808,0.880944,0.613948,0.478933,1.2206,5.5808,0.416755,0.3062,0.416755,0.255457,0.474443,0.45169,0.474443,0.433771,0.47567,0.190024,0.47567,0.204625,0.321,0.321,0.321,0.226753,12.5249,9.66496,22.8669,7.95729
2014_Sep_17_18_38_49,http://www.youtube.com/watch?v=YIGkNbJBNoc,0.0325753,0.868984,21.21,1.17522,0.497701,1.28065,1.24652,0.553645,1.3772,4.34118,1.98295,0.967731,7.62345,8.9635,8.12522,1.70301,1.1477,1.23892,5.39322,8.12522,0.500348,0.198183,0.500348,0.140814,0.587208,0.482862,0.587208,0.258268,0.439555,0.127459,0.439555,0.0911316,0.321,0.321,0.321,0.233618,15.044,8.56171,39.8332,15.6497
2014_Sep_17_18_38_50,http://www.youtube.com/watch?v=Y4F6Z7XDcvg,0.0530708,0.553005,15.9597,1.90944,0.495719,1.44922,0.932461,0.606505,0.872018,3.79926,2.11316,0.64903,3.84306,4.42361,7.13039,1.5126,0.586903,7.01666,1.06602,7.13039,0.361733,0.230077,0.361733,0.235829,0.679723,0.45008,0.679723,0.325589,0.478222,0.332496,0.478222,0.275701,0.321,0.321,0.321,0.187733,15.9391,17.8604,24.6842,10.3581
2014_Sep_17_18_38_51,http://www.youtube.com/watch?v=gMcOJlcKbwE,0.061935,0.34623,15.4529,0.424847,0.450393,1.25704,0.469052,0.628432,0.878755,4.50458,2.0352,0.535928,1.35596,1.80112,6.89488,1.97725,0.674877,4.2514,2.03827,6.89488,0.660229,0.21056,0.660229,0.29186,0.69242,0.482862,0.69242,0.423074,0.542975,0.278046,0.542975,0.248161,0.321,0.321,0.321,0.189023,19.934,17.2515,31.1545,9.62237
2014_Sep_17_18_38_52,http://www.youtube.com/watch?v=DqTFbKSMj4k,0.0512204,0.372158,20.365,1.59572,0.498492,1.39339,0.920247,0.550997,1.68062,5.57423,2.34326,0.665258,4.88465,5.89523,7.09398,1.76312,0.72959,3.1218,3.32968,7.09398,0.321136,0.235558,0.321136,0.185695,0.558001,0.458987,0.558001,0.289904,0.441246,0.283768,0.441246,0.183164,0.321,0.321,0.321,0.23597,16.1363,17.3637,30.2596,13.3221
2014_Sep_17_18_38_53,http://www.youtube.com/watch?v=rsgVi1h-REU,0.054529,0.486651,17.508,0.473689,0.482823,1.47045,0.743429,0.554635,1.64356,8.09157,2.4584,0.469721,0.670408,7.60575,7.42939,2.35899,0.70623,1.59949,6.9091,7.42939,0.461124,0.188364,0.461124,0.28592,0.476578,0.433809,0.476578,0.305915,0.416487,0.156625,0.416487,0.220693,0.321,0.321,0.321,0.235214,21.2241,17.1849,24.6631,11.0341
2014_Sep_17_18_38_54,http://www.youtube.com/watch?v=dA60SM3BTp4,0.0697416,0.277012,16.305,0.883776,0.498388,1.05518,0.370924,0.501741,1.38732,4.26171,2.28688,0.867654,0.946581,2.5379,7.80959,1.75729,0.70331,0.588116,1.60808,7.80959,0.36623,0.221771,0.36623,0.233944,0.521437,0.442383,0.521437,0.3449,0.498843,0.160371,0.498843,0.200323,0.321,0.321,0.321,0.21779,16.2239,13.7242,25.8239,10.3082
2014_Sep_17_18_38_55,http://www.youtube.com/watch?v=7lNf-qvsGb8,0.0197954,6.21725e-16,1.93872,0.682494,0.489462,0.168751,0.00529786,0.587741,1.75695,0.380197,0.315059,0.0111476,0.741879,7.04252,0.605143,0.263972,0.00537498,0.918123,4.23337,0.605143,0.180842,0.19875,0.19875,0.148063,0.430389,0.481355,0.481355,0.396797,0.0590589,0.0553289,0.0590589,0.0655207,0.321,0.321,0.321,0.285109,1.52064,0.342321,4.07226,1.62
2014_Sep_17_18_38_56,http://www.youtube.com/watch?v=_42KB11RYDM,0.0198621,2.66454e-16,1.91933,0.552388,0.490775,0.16847,0.00527521,0.587694,1.44791,0.380272,0.316835,0.0111408,0.747374,5.86726,0.608033,0.263784,0.00536491,0.917746,3.49524,0.608033,0.18105,0.19875,0.19875,0.148163,0.430118,0.481355,0.481355,0.396687,0.0580722,0.054594,0.0580722,0.0655349,0.321,0.321,0.321,0.285314,1.51231,0.345761,4.0613,1.62
2014_Sep_17_18_38_57,http://www.youtube.com/watch?v=TVv9ObLSVno,0.0200931,6.21725e-16,1.90992,0.550262,0.487842,0.169815,0.00536592,0.581451,1.47802,0.378337,0.315417,0.0109499,0.742093,5.84343,0.593655,0.264383,0.00539344,0.90797,3.53118,0.593655,0.182172,0.19875,0.19875,0.148784,0.4312,0.481355,0.481355,0.397196,0.0562016,0.0537327,0.0562016,0.0650041,0.321,0.321,0.321,0.284733,1.51663,0.340488,4.06484,1.62
2014_Sep_17_18_38_58,http://www.youtube.com/watch?v=N1DBCn3mTjg,0.114577,0.0963375,12.6991,1.05958,0.496748,0.768512,0.121527,0.519925,1.85108,3.8286,1.88651,0.302222,1.09473,6.61849,3.47412,1.79538,0.218101,0.74202,5.8553,3.47412,0.766196,0.344362,0.766196,0.480883,0.589567,0.500341,0.589567,0.497841,0.678843,0.333452,0.678843,0.444729,0.321,0.321,0.321,0.290843,24.9248,22.2131,26.4741,7.29794
2014_Sep_17_18_38_59,http://www.youtube.com/watch?v=20JLLLNDK6A,0.0716781,0.158759,11.3097,1.09637,0.462495,0.604894,0.416308,0.502618,1.89743,2.95246,1.65698,0.422413,1.18551,4.32939,6.7552,1.25092,0.42687,0.803825,3.37231,6.7552,0.500919,0.273486,0.500919,0.265858,0.53712,0.476967,0.53712,0.399277,0.611883,0.305588,0.611883,0.277058,0.321,0.321,0.321,0.255632,13.3553,12.42,20.8321,6.86186
2014_Sep_17_18_39_00,http://www.youtube.com/watch?v=rcvm-UERshg,0.0711522,0.237971,11.7675,2.14287,0.498244,0.684147,0.23886,0.504563,1.39506,1.97211,1.49868,0.461958,1.14866,3.73177,6.79323,1.2454,0.207793,0.791545,5.48898,6.79323,0.406588,0.34383,0.406588,0.283697,0.530115,0.500304,0.530115,0.407876,0.384721,0.331817,0.384721,0.254296,0.321,0.321,0.321,0.299833,14.4909,11.8738,21.3697,5.88174
2014_Sep_17_18_39_01,http://www.youtube.com/watch?v=z8KFm1jQ5Dw,0.116764,0.0449361,13.6716,0.962403,0.476836,0.765345,0.0391674,0.56741,1.17938,2.44619,1.92141,0.10676,1.25454,19.2628,5.65766,1.42799,0.0703903,0.816538,7.43744,5.65766,0.325237,0.310474,0.325237,0.233775,0.430277,0.484143,0.484143,0.306361,0.496798,0.330391,0.496798,0.300809,0.321,0.321,0.321,0.306421,13.7917,16.9672,17.4842,9.33486
2014_Sep_17_18_39_03,http://www.youtube.com/watch?v=egAkSBskKAE,0.104858,0.221026,8.3021,0.298978,0.455957,0.982161,0.390453,0.582614,1.35419,2.20444,1.87685,0.40676,1.04898,7.02023,3.32442,1.6137,0.359144,0.872948,4.30144,3.32442,0.440409,0.301653,0.440409,0.250834,0.430305,0.483798,0.483798,0.341509,0.486777,0.330871,0.486777,0.247658,0.321,0.321,0.321,0.320332,8.83143,8.57103,11.9226,5.25403
2014_Sep_17_18_39_04,http://www.youtube.com/watch?v=kqE4EnBNM1Q,0.13227,0.224197,8.88797,0.258598,0.456567,1.4125,0.594766,0.593402,1.52654,3.13733,2.73308,0.624254,1.08753,6.85121,3.77422,2.31327,0.561044,0.887167,5.11103,3.77422,0.824873,0.394984,0.824873,0.444709,0.678709,0.489537,0.678709,0.457849,0.878623,0.409976,0.878623,0.452107,0.321,0.321,0.321,0.330113,16.6501,16.2897,16.9987,6.12
2014_Sep_17_18_39_05,http://www.youtube.com/watch?v=mQAW6rUUXsQ,0.0918391,0.931972,15.4969,0.843715,0.494573,0.96958,0.922966,0.627066,2.39775,4.44486,2.80744,1.28211,1.97023,16.3654,7.70001,2.20359,0.949561,0.876414,13.6529,7.70001,0.656259,0.256394,0.656259,0.340611,0.553809,0.455072,0.553809,0.396913,0.679216,0.274098,0.679216,0.309732,0.321,0.321,0.321,0.296152,24.8497,21.5648,32.4799,10.523
2014_Sep_17_18_39_06,http://www.youtube.com/watch?v=IOSQruTWLjY,0.0954623,0.633602,9.84071,0.661725,0.462495,1.05449,0.976005,0.514892,2.19246,3.33139,2.07325,1.14,1.05873,4.38394,4.35396,1.84836,0.986157,0.728045,5.08237,4.35396,0.472342,0.228945,0.472342,0.31236,0.522626,0.455072,0.522626,0.417301,0.42997,0.252696,0.42997,0.229195,0.321,0.321,0.321,0.284744,14.4545,9.3043,21.3037,5.89266
2014_Sep_17_18_39_07,http://www.youtube.com/watch?v=-2waSFH0axQ,0.0738044,0.6111,10.9177,0.227104,0.462495,1.26645,1.04041,0.516824,1.74119,2.87848,1.66777,1.32449,2.62184,3.31671,4.95631,1.62289,0.937929,0.738159,3.07642,4.95631,0.527173,0.19894,0.527173,0.30863,0.715685,0.455072,0.715685,0.48373,0.414806,0.170646,0.414806,0.217454,0.321,0.321,0.321,0.249263,16.2489,10.5168,26.2924,7.32888
2014_Sep_17_18_39_08,http://www.youtube.com/watch?v=vDOTCcEdjJg,0.0880554,0.114984,11.3644,2.57915,0.419343,0.496354,0.58922,0.458975,1.19026,1.32545,1.30687,0.129106,0.933619,19.9655,6.55389,0.838894,0.276395,0.593079,3.81287,6.55389,0.39242,0.324894,0.39242,0.21227,0.461085,0.491397,0.491397,0.341558,0.436684,0.330813,0.436684,0.195916,0.321,0.321,0.321,0.310165,10.7569,11.0773,18.144,7.70974
2014_Sep_17_18_39_09,http://www.youtube.com/watch?v=TvDwbB-NIiA,0.107103,0.617191,8.06418,2.15432,0.419343,0.559101,0.420058,0.509062,1.63882,1.97762,1.57105,0.576727,1.02684,13.2619,3.7674,1.10991,0.632276,0.827129,4.48532,3.7674,0.49328,0.318662,0.49328,0.312149,0.432592,0.474941,0.474941,0.370739,0.581098,0.332582,0.581098,0.32405,0.321,0.321,0.321,0.318634,11.0767,12.3363,12.9367,5.47624
2014_Sep_17_18_39_10,http://www.youtube.com/watch?v=GcafoheCmyg,0.122457,0.530222,6.98724,0.176711,0.419343,0.863376,0.798571,0.514653,2.09464,2.36707,1.85267,0.97087,0.924475,5.76844,2.2704,1.56465,0.884621,0.828239,4.87029,2.2704,0.827409,0.326457,0.827409,0.471323,0.684462,0.494629,0.684462,0.505749,0.849205,0.321855,0.849205,0.437064,0.321,0.321,0.321,0.322663,13.7723,12.9149,14.5495,4.44594
2014_Sep_17_18_39_11,http://www.youtube.com/watch?v=vd4PTPjkq9g,0.11691,0.171033,12.8218,1.06903,0.496342,1.0593,0.775609,0.611107,1.93864,4.32754,2.5724,0.377408,2.20526,16.2744,7.76056,2.02251,0.311707,1.23564,10.4131,7.76056,0.956236,0.31597,0.956236,0.584777,0.740602,0.508658,0.740602,0.563199,0.997625,0.187979,0.997625,0.532832,0.321,0.321,0.321,0.310583,34.1092,29.644,32.7627,8.16032
2014_Sep_17_18_39_12,http://www.youtube.com/watch?v=XywZg1ijpDU,0.0692304,0.567861,6.24886,1.17063,0.497148,0.472158,0.877372,0.483599,0.572876,2.47667,1.46328,1.34463,0.915042,10.5608,2.75384,1.16831,1.12676,0.807853,8.7411,2.75384,0.576607,0.311271,0.576607,0.349016,0.464049,0.491698,0.491698,0.457218,0.52023,0.174815,0.52023,0.248387,0.321,0.321,0.321,0.307016,10.1444,6.76176,12.1313,4.11033
2014_Sep_17_18_39_13,http://www.youtube.com/watch?v=H_efc6vJVM8,0.0825895,0.583563,7.51716,0.715766,0.497544,0.443033,0.962074,0.564577,0.78753,2.91603,1.58641,1.04592,0.79753,8.51982,4.78932,1.10858,0.804885,0.682366,4.08579,4.78932,0.606975,0.33238,0.606975,0.381661,0.469793,0.499189,0.499189,0.460413,0.642572,0.206395,0.642572,0.305769,0.321,0.321,0.321,0.322511,12.2209,9.40594,15.0792,5.06709
2014_Sep_17_18_39_14,http://www.youtube.com/watch?v=PaJVc0fO8f4,0.0660797,0.797893,11.4466,0.397289,0.499343,0.828852,0.940365,0.48985,1.92151,2.02785,1.22347,1.40898,0.790409,3.9406,5.9392,0.969029,1.43824,0.682755,2.76861,5.9392,0.341019,0.223961,0.341019,0.249276,0.561433,0.452791,0.561433,0.444489,0.238731,0.186398,0.238731,0.143004,0.321,0.321,0.321,0.2698,11.8434,7.00616,22.1282,7.26303
2014_Sep_17_18_39_15,http://www.youtube.com/watch?v=3dBNLQKlyUk,0.0635975,0.449842,7.99077,0.944661,0.49926,0.550578,0.315825,0.527603,1.71119,1.75913,1.12625,0.682418,1.21864,3.46173,4.10155,0.936984,0.450604,0.863381,4.26485,4.10155,0.469213,0.222243,0.469213,0.345145,0.44066,0.452791,0.452791,0.391132,0.469545,0.205338,0.469545,0.273451,0.321,0.321,0.321,0.325938,11.5534,9.51577,14.0417,5.01139
2014_Sep_17_18_39_16,http://www.youtube.com/watch?v=fVFsv7uBux4,0.102081,0.533005,10.0591,1.01291,0.419343,0.582924,0.658095,0.523563,2.01074,2.70746,1.36269,0.946702,0.81376,6.7383,5.46251,1.04699,0.702019,0.617735,3.32941,5.46251,0.418332,0.224233,0.418332,0.31453,0.439548,0.452791,0.452791,0.384236,0.461012,0.20466,0.461012,0.287322,0.321,0.321,0.321,0.280269,13.0944,12.457,17.4853,6.50375
2014_Sep_17_18_39_17,http://www.youtube.com/watch?v=-ZxivkfFkYA,0.089078,0.577336,37.3132,0.930859,0.497331,2.01573,0.602941,0.613439,1.60275,10.8074,5.20803,0.753862,1.25107,10.4529,15.9707,3.85383,0.704741,1.06354,3.62038,15.9707,0.796265,0.261808,0.796265,0.501853,0.809318,0.495052,0.809318,0.462748,0.83599,0.182879,0.83599,0.536941,0.321,0.321,0.321,0.267712,84.0213,88.3467,76.0077,25.1943
2014_Sep_17_18_39_18,http://www.youtube.com/watch?v=vp9QSAX0Q9w,0.0836981,0.382935,11.8108,1.33513,0.499536,0.467473,0.884273,0.515719,0.96846,2.46104,1.7835,0.653199,0.876775,8.93591,7.36964,1.07134,0.687557,0.719509,5.33739,7.36964,0.557055,0.263032,0.557055,0.322379,0.525906,0.517899,0.525906,0.495024,0.721054,0.188359,0.721054,0.340338,0.321,0.321,0.321,0.318266,18.0799,17.29,24.3136,7.99277
2014_Sep_17_18_39_19,http://www.youtube.com/watch?v=Am201u4Ru5c,0.0746283,0.525043,8.4549,0.748351,0.497414,0.614474,1.0302,0.617143,1.83171,1.86033,1.04138,0.921717,1.52563,3.22474,3.73734,0.931601,0.967319,1.09406,4.43658,3.73734,0.538779,0.252615,0.538779,0.320524,0.698225,0.517963,0.698225,0.574271,0.446834,0.174793,0.446834,0.210054,0.321,0.321,0.321,0.281494,13.7561,8.01433,20.4458,4.45678
2014_Sep_17_18_39_20,http://www.youtube.com/watch?v=xnnGiKtl4us,0.0541744,0.0941964,11.161,2.47362,0.477031,0.436598,0.24033,0.453823,1.78042,1.66535,1.06319,0.468424,0.792295,12.3902,6.68086,0.682947,0.229047,0.828563,7.47039,6.68086,0.347699,0.337649,0.347699,0.276843,0.560221,0.493902,0.560221,0.495394,0.41506,0.213967,0.41506,0.213369,0.321,0.321,0.321,0.291316,14.0043,10.4308,23.549,7.74
2014_Sep_17_18_39_21,http://www.youtube.com/watch?v=xPH5ut3lPYs,0.0912011,0.576875,8.38087,0.727796,0.462495,0.494802,1.06554,0.604546,1.65403,3.32719,1.95188,1.02024,0.88353,11.3799,3.81953,1.39809,0.985388,0.716354,9.1112,3.81953,0.710415,0.337949,0.710415,0.415273,0.598432,0.494518,0.598432,0.516334,0.786086,0.241631,0.786086,0.391809,0.321,0.321,0.321,0.322689,16.401,14.1273,18.4312,5.51602
2014_Sep_17_18_39_22,http://www.youtube.com/watch?v=9sIZEtelkA4,0.0411169,0.639102,6.11531,0.872223,0.462495,0.416031,1.22637,0.521341,2.30358,1.35138,0.981083,0.631045,0.860848,5.64328,2.29321,0.730588,0.566778,0.841815,6.17246,2.29321,0.387927,0.321921,0.387927,0.279082,0.561536,0.494747,0.561536,0.496602,0.378273,0.219047,0.378273,0.217273,0.321,0.321,0.321,0.298481,7.85781,5.40595,12.6061,3.98958
2014_Sep_17_18_39_23,http://www.youtube.com/watch?v=uoyDa8pqSxU,0.0901432,0.192736,12.3546,0.890923,0.489555,0.71536,0.567515,0.884811,1.01337,2.41016,1.69778,0.274911,0.873427,4.48524,5.24467,1.24381,0.349596,0.708127,2.94204,5.24467,0.472623,0.189344,0.472623,0.228811,0.575753,0.392532,0.575753,0.394099,0.420808,0.216901,0.420808,0.232197,0.321,0.321,0.321,0.264979,12.4609,11.5981,22.9432,7.61923
2014_Sep_17_18_39_24,http://www.youtube.com/watch?v=7zk8K4YgZto,0.0922755,0.513671,9.91623,0.147916,0.494782,0.877942,1.05294,0.522965,0.791123,3.51731,2.20331,0.884897,0.855808,6.10553,4.88037,1.8166,0.853433,0.708388,3.98406,4.88037,0.762148,0.189344,0.762148,0.351167,0.637921,0.392547,0.637921,0.424315,0.799114,0.146447,0.799114,0.317664,0.321,0.321,0.321,0.302072,14.9512,12.628,19.2644,5.96161
2014_Sep_17_18_39_25,http://www.youtube.com/watch?v=xvz9LplSZ9w,0.0619998,0.263912,11.6499,1.40381,0.498456,0.432155,0.915746,0.52716,0.903648,2.22009,1.03652,0.732853,0.907813,3.84043,6.26802,1.01932,0.670547,0.644901,5.68507,6.26802,0.331784,0.189344,0.331784,0.18879,0.415408,0.3918,0.415408,0.350346,0.199169,0.12224,0.199169,0.102931,0.321,0.321,0.321,0.273741,10.1054,4.69309,19.8131,6.47168
2014_Sep_17_18_39_26,http://www.youtube.com/watch?v=Cxqyop66foo,0.117308,0.348874,9.01798,0.408857,0.495764,0.91059,0.390294,0.617521,1.76513,2.28391,1.92105,0.471929,1.24855,5.7539,3.39582,1.44321,0.36776,0.829434,3.32703,3.39582,0.753541,0.297869,0.753541,0.469591,0.68579,0.446912,0.68579,0.512911,0.812516,0.254004,0.812516,0.439188,0.321,0.321,0.321,0.309917,17.2817,16.2473,19.7312,5.80584
2014_Sep_17_18_39_27,http://www.youtube.com/watch?v=GkhKIkFQZfE,0.0405844,0.732667,4.53217,0.686332,0.491302,0.374531,0.452338,0.510756,1.69328,1.31252,0.62501,0.49032,0.839533,2.00795,1.18588,0.643483,0.454362,0.77278,2.29681,1.18588,0.29588,0.307746,0.307746,0.242059,0.467301,0.519908,0.519908,0.4271,0.164118,0.165327,0.165327,0.115006,0.321,0.321,0.321,0.31144,4.72827,2.04969,7.70763,3.06
2014_Sep_17_18_39_28,http://www.youtube.com/watch?v=robHwWU6zXA,0.0639911,0.625374,6.77268,0.979427,0.497124,0.287101,0.00857251,0.664441,1.48166,1.93969,0.745157,0.669207,1.28912,3.06528,1.85947,0.700373,0.611296,0.73388,2.00879,1.85947,0.366106,0.298163,0.366106,0.250719,0.466627,0.487334,0.487334,0.409379,0.186581,0.146647,0.186581,0.0997677,0.321,0.321,0.321,0.278511,7.2848,2.88333,11.4804,4.478
2014_Sep_17_18_39_29,http://www.youtube.com/watch?v=t7IBHY1VHyA,0.084863,0.526009,8.9606,1.2537,0.499294,0.459333,0.273204,0.519362,1.92997,1.49154,0.671971,0.371148,0.744306,3.42929,3.14162,0.481644,0.281682,3.15648,1.69516,3.14162,0.269922,0.191466,0.269922,0.198782,0.482398,0.43805,0.482398,0.422544,0.227221,0.116094,0.227221,0.114291,0.321,0.321,0.321,0.246285,7.78929,4.10814,16.1606,6.02861
2014_Sep_17_18_39_30,http://www.youtube.com/watch?v=G59jaDqGKqc,0.139217,0.430116,12.7107,0.966727,0.489705,1.07612,0.511879,0.550873,2.4729,2.76168,1.79948,0.390755,3.71252,8.07451,6.5347,1.45911,0.306318,1.50061,5.30173,6.5347,0.623113,0.184945,0.623113,0.306078,0.761785,0.426832,0.761785,0.516181,0.624488,0.112179,0.624488,0.241814,0.321,0.321,0.321,0.20411,16.8955,13.2624,28.2683,7.17356
2014_Sep_17_18_39_31,http://www.youtube.com/watch?v=Nw4veSupc2Y,0.095752,0.923548,6.01704,0.569892,0.489705,0.247099,0.33134,0.586845,0.0883728,2.72102,1.25312,0.864139,0.523701,9.37694,2.76291,0.88642,0.820306,0.513983,3.04384,2.76291,0.346397,0.226659,0.346397,0.217607,0.349257,0.426304,0.426304,0.312124,0.432675,0.259248,0.432675,0.243459,0.321,0.321,0.321,0.258447,5.75479,5.87715,8.62422,3.89939
2014_Sep_17_18_39_32,http://www.youtube.com/watch?v=g6jWC0lhiPk,0.105991,0.881988,6.78571,0.557785,0.489705,0.302354,0.828701,0.577603,0.117145,2.52216,1.07878,0.703028,0.633788,3.25059,3.53215,0.867823,0.732943,0.597646,2.04595,3.53215,0.343132,0.210156,0.343132,0.209974,0.390552,0.426186,0.426186,0.330831,0.316625,0.224584,0.316625,0.178208,0.321,0.321,0.321,0.245937,6.36065,4.95344,10.3907,4.01685
2014_Sep_17_18_39_33,http://www.youtube.com/watch?v=uYhftRE_J3Y,0.0496289,0.258367,6.23436,0.472938,0.495142,0.545267,0.247565,0.583082,1.36131,1.90768,0.885429,0.479308,1.10224,4.74909,2.7702,0.69021,0.511072,1.0243,1.92037,2.7702,0.274956,0.192152,0.274956,0.172174,0.406611,0.393108,0.406611,0.301692,0.211915,0.119352,0.211915,0.104736,0.321,0.321,0.321,0.155849,4.88165,2.63017,9.33398,3.64281
2014_Sep_17_18_39_34,http://www.youtube.com/watch?v=KWuqd-rmaQY,0.0546549,0.855274,6.84774,0.476942,0.490947,0.518873,1.11308,0.707957,1.31555,3.78185,1.28169,0.904635,0.599765,10.8693,4.19264,0.765957,0.772919,0.440317,5.36939,4.19264,0.288185,0.192152,0.288185,0.194985,0.400342,0.350139,0.400342,0.185402,0.339964,0.118052,0.339964,0.194103,0.320684,0.321,0.321,0.243013,6.73583,6.07305,6.04699,4.65844
2014_Sep_17_18_39_35,http://www.youtube.com/watch?v=03d1IeU5epQ,0.0546925,0.911345,5.79719,0.402521,0.498357,0.579109,1.55982,0.658778,1.86435,2.70063,0.973613,0.922938,2.66144,8.66909,2.19446,0.642128,0.421024,0.537277,4.8428,2.19446,0.2648,0.192152,0.2648,0.160415,0.401151,0.336463,0.401151,0.20026,0.280184,0.131661,0.280184,0.15045,0.321,0.321,0.321,0.211875,5.06997,4.25355,5.19009,3.96
2014_Sep_17_18_39_36,http://www.youtube.com/watch?v=VWQGbZfcVUU,0.0513847,0.284432,7.84873,1.66857,0.496574,0.442767,0.3294,0.539313,0.914895,1.67582,0.763899,0.141733,1.53888,6.33085,3.72361,0.736084,0.193123,0.833202,3.88684,3.72361,0.260521,0.194489,0.260521,0.177288,0.442816,0.431594,0.442816,0.357516,0.0840034,0.0799166,0.0840034,0.0580694,0.321,0.321,0.321,0.174331,6.28163,1.73071,13.0517,4.98271
2014_Sep_17_18_39_37,http://www.youtube.com/watch?v=OcOhThF_Vsg,0.0492682,0.641034,6.97842,1.61348,0.472906,0.657552,0.956417,0.613313,1.6721,1.70722,1.02375,0.676717,1.07255,5.22753,2.65008,0.939476,0.770182,0.797822,5.11731,2.65008,0.376621,0.172352,0.376621,0.208424,0.560762,0.441487,0.560762,0.428695,0.262973,0.123608,0.262973,0.105032,0.321,0.321,0.321,0.170889,6.8516,2.78999,13.422,3.82049
2014_Sep_17_18_39_38,http://www.youtube.com/watch?v=SXiOO3wQsrs,0.161214,0.61301,9.4179,0.570867,0.483598,0.932385,0.97265,0.583759,1.42264,3.62416,2.04276,0.868739,0.797299,3.62373,4.34277,1.65977,0.830868,0.668754,2.5349,4.34277,0.629685,0.23874,0.629685,0.377803,0.670199,0.453588,0.670199,0.440933,0.567602,0.294968,0.567602,0.321985,0.321,0.321,0.321,0.240204,15.0291,11.9206,18.297,4.72853
2014_Sep_17_18_39_39,http://www.youtube.com/watch?v=yzfdSrGLBKE,0.0741203,0.185414,8.12276,1.77977,0.4952,0.566049,0.0386221,0.992655,1.7106,1.79915,1.16888,0.169269,1.38407,15.4397,3.14158,0.888835,0.0805389,1.31179,4.16291,3.14158,0.312455,0.30097,0.312455,0.224887,0.4759,0.400436,0.4759,0.331507,0.331615,0.317686,0.331615,0.162459,0.321,0.321,0.321,0.236273,7.50257,5.65843,11.4551,4.59409
2014_Sep_17_18_39_40,http://www.youtube.com/watch?v=AEwDz3W5PgE,0.161237,0.9596,6.21831,0.239959,0.491621,0.962815,0.687622,0.601455,1.57809,1.99743,1.64263,0.584898,0.935238,8.25485,3.42046,1.32647,0.562051,0.799034,4.84119,3.42046,0.611816,0.367663,0.611816,0.372568,0.660421,0.484603,0.660421,0.473149,0.633388,0.393166,0.633388,0.35768,0.321,0.321,0.321,0.275392,9.64179,9.11859,12.2106,4.23438
2014_Sep_17_18_39_41,http://www.youtube.com/watch?v=-MjKbUecZiU,0.068906,0.687981,5.15197,0.587507,0.490542,0.57117,0.029057,0.559568,2.72215,1.6777,1.07449,0.341608,1.01072,14.5874,2.00795,0.927028,0.254353,0.826718,9.23722,2.00795,0.345794,0.305162,0.345794,0.243238,0.475908,0.411444,0.475908,0.332338,0.279678,0.279281,0.279678,0.182282,0.321,0.321,0.321,0.259267,5.32695,3.78764,6.75897,3.34987
2014_Sep_17_18_39_42,http://www.youtube.com/watch?v=Mc8jQ-LMIBY,0.140118,0.480916,30.9997,1.21994,0.492975,2.28164,0.590374,0.559739,1.40568,9.47552,4.75702,0.647293,0.744291,7.88415,14.0608,3.43838,0.699148,0.879198,3.77586,14.0608,0.894603,0.192152,0.894603,0.393968,0.87466,0.353433,0.87466,0.524315,0.978979,0.155264,0.978979,0.430024,0.321,0.321,0.321,0.209642,54.6275,57.6994,68.6341,19.3082
2014_Sep_17_18_39_43,http://www.youtube.com/watch?v=lbUG13Qiy3I,0.110781,0.72951,8.24876,0.298885,0.499074,0.860847,0.836879,0.564042,1.93006,2.81821,1.18007,0.622679,1.18581,2.15756,4.35933,1.14572,0.706112,0.948759,2.49699,4.35933,0.436865,0.192152,0.436865,0.291432,0.595486,0.444466,0.595486,0.510682,0.316257,0.164325,0.316257,0.183021,0.321,0.321,0.321,0.185946,10.6935,5.91659,17.9248,5.11053
2014_Sep_17_18_39_44,http://www.youtube.com/watch?v=dQ2oBy9t0lE,0.106832,0.978015,5.8687,0.470628,0.479323,0.442989,1.18157,0.542009,0.814539,2.71624,1.46306,1.19204,0.840031,5.31497,2.89103,1.13511,1.23411,0.720506,3.01595,2.89103,0.544323,0.192152,0.544323,0.286738,0.538335,0.445088,0.538335,0.444366,0.518293,0.15035,0.518293,0.248393,0.321,0.321,0.321,0.260555,7.68622,5.70307,10.8095,3.4457
2014_Sep_17_18_39_45,http://www.youtube.com/watch?v=XJQlDSNafWk,0.0799438,0.114336,11.4872,0.952798,0.494965,0.306659,0.0421611,0.52611,0.833267,3.09719,1.58039,0.382247,0.634896,8.50459,4.59307,0.941708,0.487429,3.41643,2.97045,4.59307,0.442875,0.192926,0.442875,0.270823,0.463117,0.398554,0.463117,0.380194,0.583639,0.198162,0.583639,0.319413,0.321,0.321,0.321,0.23406,13.8977,15.2343,17.5744,8.1
2014_Sep_17_18_39_46,http://www.youtube.com/watch?v=eF_66Ed5frQ,0.086394,0.189455,7.0012,0.427911,0.492101,0.466715,1.29814,0.597746,0.479262,2.73034,1.40222,0.346814,1.27046,10.2214,2.97255,1.08845,0.728959,0.77393,4.05112,2.97255,0.512149,0.24698,0.512149,0.370906,0.558178,0.424973,0.558178,0.505001,0.56178,0.24572,0.56178,0.41429,0.321,0.321,0.321,0.271412,10.5847,11.2097,13.6953,4.86
2014_Sep_17_18_39_47,http://www.youtube.com/watch?v=HYs2JUosG28,0.0773487,0.203514,6.80159,0.477376,0.49589,0.738167,0.944341,0.598373,2.61665,1.78904,1.16819,0.838689,0.725249,11.6482,2.28941,0.910135,0.667506,0.689625,5.97029,2.28941,0.451063,0.239471,0.451063,0.293404,0.684987,0.424829,0.684987,0.536898,0.414884,0.21001,0.414884,0.241852,0.321,0.321,0.321,0.190325,8.6541,6.43333,14.1484,4.41501
2014_Sep_17_18_39_48,http://www.youtube.com/watch?v=KnPJ8aCmJBE,0.0508086,0.0945548,16.5487,0.997109,0.499772,1.12473,0.154308,0.621697,1.72336,4.72333,1.79378,0.0725685,0.742022,5.86552,5.61994,1.17981,0.0481486,0.934048,2.90484,5.61994,0.413341,0.266101,0.413341,0.300165,0.420131,0.358894,0.420131,0.189379,0.487292,0.214357,0.487292,0.306639,0.321,0.321,0.321,0.222092,22.8274,21.7658,15.8249,11.3575
2014_Sep_17_18_39_49,http://www.youtube.com/watch?v=FfC5DWO5Kf8,0.0270727,0.90513,12.3643,0.698727,0.346661,0.524235,1.9278,0.722596,0.713147,4.77954,2.27329,1.49247,0.727332,9.45517,5.53969,1.46908,1.49682,0.620158,4.472,5.53969,0.412979,0.308354,0.412979,0.236999,0.315426,0.45965,0.45965,0.24437,0.583849,0.404381,0.583849,0.310213,0.321,0.321,0.321,0.310944,12.0267,16.091,14.7499,8.64
2014_Sep_17_18_39_50,http://www.youtube.com/watch?v=dUUA_WMLNBo,0.0651313,0.3287,15.8242,0.874674,0.499153,1.16054,0.43657,0.623656,0.583391,5.62106,2.5334,0.851975,0.87798,2.20068,7.67779,2.14798,1.02778,0.935969,2.10553,7.67779,0.570084,0.319989,0.570084,0.347455,0.619631,0.470219,0.619631,0.385185,0.629196,0.407769,0.629196,0.376441,0.321,0.287853,0.321,0.277333,23.8517,25.9101,30.6636,11.0796
2014_Sep_17_18_39_51,http://www.youtube.com/watch?v=f2rlDPGo5D8,0.0661161,0.877167,14.9448,0.726189,0.499492,1.20576,1.17885,6.37712,2.09317,4.36579,2.78335,1.28354,1.451,8.64688,7.58096,2.07791,1.05701,0.940522,3.56691,7.58096,0.508774,0.237103,0.508774,0.242453,0.368401,0.448426,0.448426,0.215425,0.617253,0.287022,0.617253,0.321152,0.321,0.321,0.321,0.27721,22.3923,28.7761,21.6786,14.7061
2014_Sep_17_18_39_52,http://www.youtube.com/watch?v=aPR5Qh956j4,0.0922045,0.595125,27.9053,1.26274,0.493561,1.15288,0.515694,0.687488,0.722878,5.81188,3.06403,0.662107,1.08962,9.89572,14.7392,1.98449,0.665497,1.26309,2.49288,14.7392,0.506481,0.256152,0.506481,0.296726,0.621335,0.411406,0.621335,0.455086,0.54032,0.226625,0.54032,0.286822,0.321,0.321,0.321,0.211832,38.0807,36.1563,52.6035,18.9348
2014_Sep_17_18_39_53,http://www.youtube.com/watch?v=5n8t3wThAbg,0.0514609,0.771537,20.0204,2.40085,0.498532,0.952108,1.07744,0.554275,1.5194,5.43513,1.91918,0.842951,2.25676,3.95905,8.17936,1.59698,0.727087,1.13196,2.13299,8.17936,0.609112,0.196305,0.609112,0.218947,0.621735,0.421013,0.621735,0.444688,0.547247,0.061593,0.547247,0.110571,0.321,0.321,0.321,0.219778,17.9814,8.79907,37.4227,14.04
2014_Sep_17_18_39_54,http://www.youtube.com/watch?v=BFzhrEmlF4s,0.0823667,0.321867,6.18705,0.712782,0.487513,0.488782,0.363395,0.511436,1.60246,1.8532,1.27054,0.877728,0.708849,8.57292,2.61781,0.929582,0.751873,0.706519,5.02605,2.61781,0.461088,0.253604,0.461088,0.297389,0.523377,0.417999,0.523377,0.476856,0.453217,0.193461,0.453217,0.246687,0.321,0.321,0.321,0.256461,7.89844,6.33166,11.6531,4.28262
2014_Sep_17_18_39_55,http://www.youtube.com/watch?v=dSs5cEMCWZs,0.0757681,0.0640625,12.1179,0.761029,0.499865,0.688678,0.783156,0.612259,1.53787,2.09998,1.0898,0.521891,1.5775,1.97962,2.89981,0.920049,0.460922,0.626101,1.69734,2.89981,0.491652,0.252417,0.491652,0.306311,0.716854,0.421035,0.716854,0.565308,0.373071,0.126072,0.373071,0.166343,0.321,0.321,0.321,0.185063,15.5487,8.18621,27.3218,7.08116
2014_Sep_17_18_39_56,http://www.youtube.com/watch?v=9ogGYrtMQZU,0.0357092,0.301247,13.3361,0.38709,0.476366,0.915417,1.59329,0.606408,1.81392,4.64768,1.73871,0.88045,0.611655,5.41244,7.12506,1.2348,0.758378,1.38996,3.26172,7.12506,0.447893,0.277425,0.447893,0.316965,0.420131,0.40552,0.420131,0.184846,0.514493,0.200068,0.514493,0.265253,0.321,0.321,0.321,0.251137,19.6153,15.6214,13.0223,9.00252
2014_Sep_17_18_39_57,http://www.youtube.com/watch?v=52u9f6unLoE,0.0348524,0.576838,12.6966,1.8919,0.491965,0.284453,0.390461,0.63103,0.233594,3.06077,1.48657,0.35948,0.752139,9.07487,8.79486,1.00301,0.178442,0.611708,2.39762,8.79486,0.453181,0.224932,0.453181,0.319743,0.386264,0.437928,0.437928,0.358699,0.511563,0.24033,0.511563,0.344943,0.321,0.321,0.321,0.275159,16.3368,17.4705,19.9984,8.61982
2014_Sep_17_18_39_58,http://www.youtube.com/watch?v=xjNjQ9iKxfQ,0.0753643,0.478173,13.473,1.06375,0.493166,0.500679,0.569934,0.519693,0.450444,5.2491,2.33457,0.598879,0.708473,4.54661,6.58744,1.68285,0.486975,0.561587,2.72836,6.58744,0.685745,0.223772,0.685745,0.466325,0.428641,0.438105,0.438105,0.368019,0.833463,0.239068,0.833463,0.495635,0.321,0.321,0.321,0.289996,25.0799,26.2869,21.1512,9.18368
2014_Sep_17_18_39_59,http://www.youtube.com/watch?v=rmkzeOV5xaM,0.0590507,0.681475,10.8796,1.08912,0.496324,0.30148,1.14479,0.525535,0.164325,4.27659,1.73661,0.586347,0.552056,5.44194,4.73601,1.09833,0.539701,0.41117,2.47209,4.73601,0.419803,0.222644,0.419803,0.291703,0.335569,0.424055,0.424055,0.289652,0.538232,0.242092,0.538232,0.322995,0.321,0.321,0.321,0.301059,12.7696,14.6553,14.5789,7.56
2014_Sep_17_18_40_00,http://www.youtube.com/watch?v=F8CXqJDJl5E,0.0360737,0.212444,10.3877,1.37821,0.498207,0.262256,0.152031,0.63724,0.684761,2.8479,1.07933,0.467788,1.58606,6.12868,4.75924,0.749803,0.274119,0.51042,1.71032,4.75924,0.405478,0.220192,0.405478,0.274374,0.485149,0.450976,0.485149,0.383703,0.394061,0.0973807,0.394061,0.205177,0.32094,0.321,0.321,0.272475,11.8117,8.60115,17.4548,7.18771
2014_Sep_17_18_40_01,http://www.youtube.com/watch?v=Zes_FPJUV0A,0.0238137,0.476862,9.02272,1.69281,0.496888,0.269375,0.410567,0.643874,0.298371,2.00591,1.1477,0.751269,0.435449,14.0384,4.83943,0.55408,0.525663,0.680044,2.95898,4.83943,0.272399,0.202924,0.272399,0.203776,0.484474,0.450353,0.484474,0.384724,0.40964,0.109549,0.40964,0.194664,0.320974,0.321,0.321,0.271613,7.67157,6.99823,15.5687,6.3
2014_Sep_17_18_40_02,http://www.youtube.com/watch?v=z1FlhVb01QM,0.0466388,0.439656,7.577,0.724839,0.466674,0.629054,1.16862,0.61318,1.74631,2.15872,1.24557,1.12057,0.957893,16.2912,3.52655,0.971305,0.954008,1.03261,9.93203,3.52655,0.400943,0.188296,0.400943,0.236513,0.4851,0.412044,0.4851,0.358429,0.481776,0.0920631,0.481776,0.222137,0.321,0.321,0.321,0.227615,7.63287,6.76926,11.3421,5.22
2014_Sep_17_18_40_03,http://www.youtube.com/watch?v=7E1Yg0Cpx1Y,0.105598,0.221077,13.0224,1.01582,0.461749,0.532372,0.15145,0.487782,0.988803,3.69015,1.60864,0.56686,0.837134,5.80149,6.96067,0.853908,0.363351,0.649675,2.14256,6.96067,0.366052,0.217871,0.366052,0.275615,0.482941,0.487506,0.487506,0.364422,0.501009,0.175925,0.501009,0.298002,0.321,0.31395,0.321,0.258499,17.4944,16.1034,23.0717,8.91062
2014_Sep_17_18_40_04,http://www.youtube.com/watch?v=AGarIc4jy5Y,0.11962,0.422819,7.44047,1.21249,0.350836,0.287351,0.123307,0.617027,0.483728,2.82397,1.17443,1.00112,1.17112,1.92872,3.96062,0.806001,1.00069,1.24298,0.830976,3.96062,0.465672,0.217359,0.465672,0.277252,0.482894,0.488568,0.488568,0.389322,0.436433,0.157144,0.436433,0.210783,0.321,0.321,0.321,0.228395,8.80237,6.34643,13.2577,4.88129
2014_Sep_17_18_40_05,http://www.youtube.com/watch?v=R-9TEdK_fxU,0.101027,0.410568,6.28043,0.535489,0.355678,0.299301,0.271669,0.525472,1.74345,1.64317,0.914793,1.06534,0.820754,3.01275,3.94524,0.684567,0.940623,2.16926,1.96967,3.94524,0.388643,0.218235,0.388643,0.263754,0.503621,0.488568,0.503621,0.473181,0.306484,0.140732,0.306484,0.156137,0.321,0.321,0.321,0.185554,7.00306,3.6635,12.6427,4.23022
2014_Sep_17_18_40_06,http://www.youtube.com/watch?v=_k3CawUIV40,0.0978012,0.632176,36.8221,0.921825,0.499586,2.37745,0.829656,0.499514,1.28498,10.8557,4.35245,0.716155,1.84941,5.25166,18.6163,4.20633,0.780388,0.675677,3.38861,18.6163,0.699994,0.17392,0.699994,0.308094,0.664349,0.424688,0.664349,0.383936,0.64657,0.265111,0.64657,0.283223,0.321,0.321,0.321,0.171025,52.7127,52.3775,75.3316,20.1346
2014_Sep_17_18_40_07,http://www.youtube.com/watch?v=JC9pWPX2ovc,0.0463716,0.298511,11.819,0.459441,0.377805,1.05439,1.32997,0.594853,1.51287,1.89862,1.38371,0.85509,2.31507,3.40407,7.25388,1.17477,1.12673,1.42197,1.65789,7.25388,0.179232,0.154864,0.179232,0.0886335,0.477784,0.424956,0.477784,0.171299,0.249285,0.151645,0.249285,0.124416,0.321,0.321,0.321,0.167484,5.33129,6.06086,13.3525,6.90788
2014_Sep_17_18_40_08,http://www.youtube.com/watch?v=tPAOYXQaF2g,0.0969817,0.240797,9.04947,0.346167,0.453829,1.10854,0.478333,0.517723,1.80759,3.5696,1.88556,0.625621,1.34279,4.02696,4.50296,1.44764,0.447536,0.71913,2.34302,4.50296,0.540296,0.292465,0.540296,0.31132,0.4808,0.420381,0.4808,0.220607,0.640142,0.251045,0.640142,0.303801,0.321,0.321,0.321,0.218844,11.5347,11.315,9.46627,5.77379
2014_Sep_17_18_40_09,http://www.youtube.com/watch?v=BedTY1Ghn3g,0.0890712,0.640337,58.5775,1.13898,0.499896,3.09293,0.940011,0.525195,1.59194,11.0336,5.8808,0.790198,3.44428,4.51321,23.2529,4.72425,0.87626,0.704595,3.79452,23.2529,0.613142,0.329626,0.613142,0.409035,0.501373,0.432753,0.501373,0.316472,0.643054,0.260555,0.643054,0.383946,0.321,0.321,0.321,0.252237,103.507,96.7558,108.69,37.6554
2014_Sep_17_18_40_10,http://www.youtube.com/watch?v=T2Wwnqo7EUA,0.116152,0.313524,12.6429,2.79629,0.49687,1.63578,0.365598,0.506517,0.561944,3.41761,2.57397,0.434013,0.734375,1.1066,5.44289,2.03752,0.477481,0.642871,0.861337,5.44289,0.785151,0.428486,0.785151,0.357093,0.619667,0.432753,0.619667,0.268433,0.846084,0.467423,0.846084,0.364774,0.321,0.321,0.321,0.279208,19.17,20.059,20.29,8.62706
2014_Sep_17_18_40_11,http://www.youtube.com/watch?v=bJCNu9jLXrs,0.0812695,0.422691,14.319,0.7509,0.497901,1.37719,0.202299,0.580528,1.92151,3.65181,1.99574,0.407301,0.723613,12.5669,5.10229,1.67678,0.423344,0.659234,4.63779,5.10229,0.527623,0.426356,0.527623,0.395567,0.464349,0.432753,0.464349,0.266977,0.625177,0.483186,0.625177,0.443635,0.321,0.321,0.321,0.267727,24.8802,26.85,25.2958,8.76652
2014_Sep_17_18_40_12,http://www.youtube.com/watch?v=cCdiuSi-nd4,0.0465338,0.76128,25.9599,0.885861,0.491721,1.80034,1.131,0.603397,0.499378,7.98284,3.40666,0.95702,3.12404,9.00557,10.9454,2.75873,1.0284,2.32012,3.64681,10.9454,0.742521,0.348541,0.742521,0.389811,0.620812,0.318069,0.620812,0.400344,0.87362,0.27641,0.87362,0.371436,0.321,0.321,0.321,0.257589,46.6744,43.6791,46.9036,17.1332
2014_Sep_17_18_40_13,http://www.youtube.com/watch?v=iqg-X16vWEg,0.109156,0.510159,11.9059,0.913274,0.474763,1.1203,1.14126,0.523353,0.517821,3.70037,2.63901,1.02817,0.920787,8.13014,5.86743,1.95915,0.703267,0.822637,3.21719,5.86743,0.535433,0.235645,0.535433,0.31972,0.554115,0.404954,0.554115,0.387999,0.662086,0.297272,0.662086,0.364284,0.321,0.321,0.321,0.260661,17.1117,19.0467,22.4237,8.21363
2014_Sep_17_18_40_14,http://www.youtube.com/watch?v=cp9MhJMMNEM,0.0183454,0.403502,9.11349,0.457302,0.388818,0.78686,0.291344,0.509602,1.41035,2.07199,1.19052,0.58284,0.654191,2.52042,4.99989,0.909897,0.452987,0.550195,1.71654,4.99989,0.391961,0.249781,0.391961,0.240608,0.483201,0.430329,0.483201,0.244139,0.460143,0.204974,0.460143,0.22724,0.321,0.321,0.321,0.223339,8.83958,8.78184,11.7336,5.53436
2014_Sep_17_18_40_15,http://www.youtube.com/watch?v=wk1hxQcKpp0,0.0477319,0.679079,10.0076,0.974297,0.37419,0.800585,0.877301,0.629938,1.04464,2.23774,1.27624,0.822418,2.40112,4.81884,4.93728,0.97916,0.780775,4.25142,2.24635,4.93728,0.319479,0.313826,0.319479,0.240499,0.567857,0.456128,0.567857,0.381386,0.245814,0.192836,0.245814,0.150244,0.321,0.321,0.321,0.146896,11.8924,7.22187,21.731,6.25073
2014_Sep_17_18_40_16,http://www.youtube.com/watch?v=luwSMu2K41M,0.0584286,0.382098,9.40503,0.912152,0.365675,0.641755,0.0454951,0.630695,2.22302,1.6739,1.05204,0.463425,0.582098,4.8616,4.72827,0.793573,0.207672,0.813638,2.40203,4.72827,0.354779,0.366291,0.366291,0.25238,0.492733,0.456128,0.492733,0.341787,0.331589,0.261902,0.331589,0.185886,0.321,0.321,0.321,0.172781,10.3011,7.39239,18.2691,6.13749
2014_Sep_17_18_40_17,http://www.youtube.com/watch?v=bTvwQQ4iAGs,0.0906086,0.165756,12.4414,1.78203,0.495645,0.666178,0.640673,0.614774,0.668539,2.84453,1.64291,0.213319,0.708044,3.44926,6.9831,1.09793,0.313555,1.96962,2.76296,6.9831,0.456,0.367271,0.456,0.317567,0.491824,0.449404,0.491824,0.321791,0.570534,0.253312,0.570534,0.353501,0.321,0.321,0.321,0.212925,16.8607,18.6722,19.9132,7.95887
2014_Sep_17_18_40_18,http://www.youtube.com/watch?v=3x7TDLkO_BQ,0.0498463,0.577904,28.7376,0.855116,0.497588,1.25166,0.688559,0.621454,1.26366,6.75173,3.06655,0.991647,0.613453,11.5018,13.2962,2.10822,0.692569,0.635549,4.72524,13.2962,0.495641,0.215546,0.495641,0.336898,0.497107,0.371315,0.497107,0.308685,0.625933,0.072787,0.625933,0.326228,0.321,0.321,0.321,0.253382,47.2114,39.8755,43.2043,19.0602
2014_Sep_17_18_40_19,http://www.youtube.com/watch?v=RFfHsCnvI08,0.0594933,0.390213,7.77211,0.131925,0.494392,0.932409,0.373517,0.583311,1.28847,2.7636,1.22454,0.698866,0.940113,2.83266,1.76375,1.09288,0.650876,1.31052,2.1794,1.76375,0.526277,0.254462,0.526277,0.338558,0.498181,0.352698,0.498181,0.357471,0.488168,0.184334,0.488168,0.27375,0.321,0.321,0.321,0.228265,11.015,8.35825,11.4495,5.4
2014_Sep_17_18_40_20,http://www.youtube.com/watch?v=J9igqZE8sg0,0.0666129,0.14701,9.98614,0.738622,0.497358,0.892171,0.253005,0.609399,1.1819,2.96988,1.93482,0.248662,0.753697,6.39941,6.60087,1.1256,0.798904,0.678534,2.36649,6.60087,0.548629,0.248365,0.548629,0.337661,0.497405,0.360962,0.497405,0.341466,0.677317,0.135348,0.677317,0.361355,0.321,0.321,0.321,0.219965,14.4669,14.7876,14.4559,6.89488
2014_Sep_17_18_40_21,http://www.youtube.com/watch?v=8HSj_Y94Ai0,0.0687734,1.20336,28.6343,2.62501,0.499706,1.61972,1.03795,0.593419,1.56459,7.16268,3.73127,0.957987,2.00828,14.0365,13.7177,3.00486,1.00876,0.586995,4.02631,13.7177,0.648921,0.379338,0.648921,0.356009,0.47545,0.362259,0.47545,0.331024,0.701712,0.365695,0.701712,0.372255,0.321,0.321,0.321,0.296681,48.5138,48.7609,46.5305,15.5304
2014_Sep_17_18_40_22,http://www.youtube.com/watch?v=iVf57XlPQMk,0.0932693,0.304862,16.3231,1.41553,0.499832,1.46396,0.455113,0.510222,1.00633,5.01099,2.21218,0.432511,1.24539,5.50107,9.00767,2.12397,0.505818,0.623322,1.9242,9.00767,0.586461,0.377463,0.586461,0.36187,0.583289,0.423051,0.583289,0.40399,0.676882,0.359043,0.676882,0.344725,0.321,0.321,0.321,0.228243,26.6642,24.6022,30.934,11.5191
2014_Sep_17_18_40_23,http://www.youtube.com/watch?v=3gVMN3Uiy60,0.077724,0.352572,16.112,0.689689,0.497615,1.17687,0.23593,0.511789,1.69409,4.74515,2.07161,0.982048,2.48354,11.7625,6.12384,1.64383,0.564,1.91029,4.58456,6.12384,0.48046,0.373624,0.48046,0.32931,0.47545,0.430948,0.47545,0.336364,0.608034,0.329391,0.608034,0.404434,0.321,0.321,0.321,0.203444,21.7355,25.9976,27.2604,11.0538
